check,received_verdict
SOURCE_HEAD,ef424da0a6bfcdd56079ab5be249f429fa0b9c36
ROSA_LOCK_BLOB,668098ad0f1e293982e9bcf8e931128346a00049
REGULAR_FILE_OFFLINE_CHECK,PASS
EC2_INPUT_ERROR,RESOLVED / local ParamValidation corrected
INSTANCE_PAGES_COMPLETE,1
RESERVATION_PAGES_COMPLETE,1
RUNNING_STANDARD_ON_DEMAND_COUNT,0
RUNNING_DEFAULT_TYPE_VCPU_SUM,0
STANDARD_RESERVATION_COUNT,0
OWNED_ACTIVE_UNUSED_DEFAULT_TYPE_VCPU_SUBTOTAL,0
AWS_CLI_READ_INVOCATIONS,2
OVERALL_T03,PARTIAL
PROJECT_ACCOUNT_PURPOSE_ROLE_BACKEND,NOT VERIFIED
WHOLE_QUOTA_HEADROOM,NOT VERIFIED
CLOUD_PLAN_APPLY,NOT RUN
