metric_id,baseline,target,actual,unit,aggregation,sample_count,condition_ref,raw_artifact_ref
fixture-1:dump_seconds,,,0.03342346800127416,seconds,single actual sample,1,summary.md#fixture-1,summary.md#evidence-and-recovery
fixture-1:dump_bytes,,,97927,bytes,single actual sample,1,summary.md#fixture-1,summary.md#evidence-and-recovery
fixture-1:gzip_seconds,,,0.0012898069981019944,seconds,single actual sample,1,summary.md#fixture-1,summary.md#evidence-and-recovery
fixture-1:age_encrypt_seconds,,,0.004521217997535132,seconds,single actual sample,1,summary.md#fixture-1,summary.md#evidence-and-recovery
fixture-1:encrypted_bytes,,,6949,bytes,single actual sample,1,summary.md#fixture-1,summary.md#evidence-and-recovery
fixture-1:local_atomic_copy_verify_seconds,,,0.000423507000959944,seconds,single actual sample,1,summary.md#fixture-1,summary.md#evidence-and-recovery
fixture-1:fixture_data_reference_lower_bound_to_local_complete_seconds,,,0.054546,seconds,single actual sample,1,summary.md#fixture-1,summary.md#evidence-and-recovery
fixture-1:age_decrypt_verify_seconds,,,0.0044969039990974125,seconds,single actual sample,1,summary.md#fixture-1,summary.md#evidence-and-recovery
fixture-1:gunzip_verify_seconds,,,0.000934371000766987,seconds,single actual sample,1,summary.md#fixture-1,summary.md#evidence-and-recovery
fixture-1:new_restore_target_prepare_seconds,,,0.9677508909990138,seconds,single actual sample,1,summary.md#fixture-1,summary.md#evidence-and-recovery
fixture-1:import_seconds,,,0.09942538899849751,seconds,single actual sample,1,summary.md#fixture-1,summary.md#evidence-and-recovery
fixture-1:schema_rows_revision_verify_seconds,,,0.7886359690019162,seconds,single actual sample,1,summary.md#fixture-1,summary.md#evidence-and-recovery
fixture-2:dump_seconds,,,0.061781780001183506,seconds,single actual sample,1,summary.md#fixture-2,summary.md#evidence-and-recovery
fixture-2:dump_bytes,,,97927,bytes,single actual sample,1,summary.md#fixture-2,summary.md#evidence-and-recovery
fixture-2:gzip_seconds,,,0.0024238879996119067,seconds,single actual sample,1,summary.md#fixture-2,summary.md#evidence-and-recovery
fixture-2:age_encrypt_seconds,,,0.0068659879980259575,seconds,single actual sample,1,summary.md#fixture-2,summary.md#evidence-and-recovery
fixture-2:encrypted_bytes,,,6949,bytes,single actual sample,1,summary.md#fixture-2,summary.md#evidence-and-recovery
fixture-2:local_atomic_copy_verify_seconds,,,0.00041961199895013124,seconds,single actual sample,1,summary.md#fixture-2,summary.md#evidence-and-recovery
fixture-2:fixture_data_reference_lower_bound_to_local_complete_seconds,,,0.09607,seconds,single actual sample,1,summary.md#fixture-2,summary.md#evidence-and-recovery
fixture-2:age_decrypt_verify_seconds,,,0.007402310999168549,seconds,single actual sample,1,summary.md#fixture-2,summary.md#evidence-and-recovery
fixture-2:gunzip_verify_seconds,,,0.0012406499990902375,seconds,single actual sample,1,summary.md#fixture-2,summary.md#evidence-and-recovery
fixture-2:new_restore_target_prepare_seconds,,,1.1600913250003941,seconds,single actual sample,1,summary.md#fixture-2,summary.md#evidence-and-recovery
fixture-2:import_seconds,,,0.07900150600107736,seconds,single actual sample,1,summary.md#fixture-2,summary.md#evidence-and-recovery
fixture-2:schema_rows_revision_verify_seconds,,,0.5021284729991748,seconds,single actual sample,1,summary.md#fixture-2,summary.md#evidence-and-recovery
fixture-3:dump_seconds,,,0.050288979000470135,seconds,single actual sample,1,summary.md#fixture-3,summary.md#evidence-and-recovery
fixture-3:dump_bytes,,,97927,bytes,single actual sample,1,summary.md#fixture-3,summary.md#evidence-and-recovery
fixture-3:gzip_seconds,,,0.001252375001058681,seconds,single actual sample,1,summary.md#fixture-3,summary.md#evidence-and-recovery
fixture-3:age_encrypt_seconds,,,0.0065167510001629125,seconds,single actual sample,1,summary.md#fixture-3,summary.md#evidence-and-recovery
fixture-3:encrypted_bytes,,,6949,bytes,single actual sample,1,summary.md#fixture-3,summary.md#evidence-and-recovery
fixture-3:local_atomic_copy_verify_seconds,,,0.0002248780001536943,seconds,single actual sample,1,summary.md#fixture-3,summary.md#evidence-and-recovery
fixture-3:fixture_data_reference_lower_bound_to_local_complete_seconds,,,0.087895,seconds,single actual sample,1,summary.md#fixture-3,summary.md#evidence-and-recovery
fixture-3:age_decrypt_verify_seconds,,,0.005576840998401167,seconds,single actual sample,1,summary.md#fixture-3,summary.md#evidence-and-recovery
fixture-3:gunzip_verify_seconds,,,0.0006077430007280782,seconds,single actual sample,1,summary.md#fixture-3,summary.md#evidence-and-recovery
fixture-3:new_restore_target_prepare_seconds,,,1.1108358410019719,seconds,single actual sample,1,summary.md#fixture-3,summary.md#evidence-and-recovery
fixture-3:import_seconds,,,0.1216868390001764,seconds,single actual sample,1,summary.md#fixture-3,summary.md#evidence-and-recovery
fixture-3:schema_rows_revision_verify_seconds,,,0.917070061997947,seconds,single actual sample,1,summary.md#fixture-3,summary.md#evidence-and-recovery
fixture-4:dump_seconds,,,0.053477887999179075,seconds,single actual sample,1,summary.md#fixture-4,summary.md#evidence-and-recovery
fixture-4:dump_bytes,,,1753246,bytes,single actual sample,1,summary.md#fixture-4,summary.md#evidence-and-recovery
fixture-4:gzip_seconds,,,0.008952202999353176,seconds,single actual sample,1,summary.md#fixture-4,summary.md#evidence-and-recovery
fixture-4:age_encrypt_seconds,,,0.006053541001165286,seconds,single actual sample,1,summary.md#fixture-4,summary.md#evidence-and-recovery
fixture-4:encrypted_bytes,,,81353,bytes,single actual sample,1,summary.md#fixture-4,summary.md#evidence-and-recovery
fixture-4:local_atomic_copy_verify_seconds,,,0.000487413999508135,seconds,single actual sample,1,summary.md#fixture-4,summary.md#evidence-and-recovery
fixture-4:fixture_data_reference_lower_bound_to_local_complete_seconds,,,0.084347,seconds,single actual sample,1,summary.md#fixture-4,summary.md#evidence-and-recovery
fixture-4:age_decrypt_verify_seconds,,,0.004987574997358024,seconds,single actual sample,1,summary.md#fixture-4,summary.md#evidence-and-recovery
fixture-4:gunzip_verify_seconds,,,0.007164430000557331,seconds,single actual sample,1,summary.md#fixture-4,summary.md#evidence-and-recovery
fixture-4:new_restore_target_prepare_seconds,,,0.9334078040010354,seconds,single actual sample,1,summary.md#fixture-4,summary.md#evidence-and-recovery
fixture-4:import_seconds,,,0.2942021820017544,seconds,single actual sample,1,summary.md#fixture-4,summary.md#evidence-and-recovery
fixture-4:schema_rows_revision_verify_seconds,,,0.5839193430001615,seconds,single actual sample,1,summary.md#fixture-4,summary.md#evidence-and-recovery
