event_id,timestamp_utc,timestamp_kst,actor_ref,event,result,evidence_ref
fixture-1:isolated_source_prepare_start,2026-10-04T16:21:51.370044Z,2026-10-05T01:21:51.370044+09:00,isolated-local-fixture,isolated_source_prepare_start,OK,summary.md#evidence-and-recovery
fixture-1:fixture_committed_writes_quiesced,2026-10-04T16:21:52.328247Z,2026-10-05T01:21:52.328247+09:00,isolated-local-fixture,fixture_committed_writes_quiesced,OK,summary.md#evidence-and-recovery
fixture-1:data_reference_lower_bound,2026-10-04T16:21:52.805218Z,2026-10-05T01:21:52.805218+09:00,isolated-local-fixture,data_reference_lower_bound,OK,summary.md#evidence-and-recovery
fixture-1:dump_start,2026-10-04T16:21:52.805254Z,2026-10-05T01:21:52.805254+09:00,isolated-local-fixture,dump_start,OK,summary.md#evidence-and-recovery
fixture-1:dump_finish,2026-10-04T16:21:52.838694Z,2026-10-05T01:21:52.838694+09:00,isolated-local-fixture,dump_finish,OK,summary.md#evidence-and-recovery
fixture-1:gzip_start,2026-10-04T16:21:52.852895Z,2026-10-05T01:21:52.852895+09:00,isolated-local-fixture,gzip_start,OK,summary.md#evidence-and-recovery
fixture-1:gzip_finish,2026-10-04T16:21:52.854201Z,2026-10-05T01:21:52.854201+09:00,isolated-local-fixture,gzip_finish,OK,summary.md#evidence-and-recovery
fixture-1:age_encrypt_start,2026-10-04T16:21:52.854225Z,2026-10-05T01:21:52.854225+09:00,isolated-local-fixture,age_encrypt_start,OK,summary.md#evidence-and-recovery
fixture-1:age_encrypt_finish,2026-10-04T16:21:52.858756Z,2026-10-05T01:21:52.858756+09:00,isolated-local-fixture,age_encrypt_finish,OK,summary.md#evidence-and-recovery
fixture-1:local_copy_start,2026-10-04T16:21:52.858800Z,2026-10-05T01:21:52.858800+09:00,isolated-local-fixture,local_copy_start,OK,summary.md#evidence-and-recovery
fixture-1:backup_local_complete,2026-10-04T16:21:52.859225Z,2026-10-05T01:21:52.859225+09:00,isolated-local-fixture,backup_local_complete,OK,summary.md#evidence-and-recovery
fixture-1:backup_negative_cases_verified,2026-10-04T16:21:52.869724Z,2026-10-05T01:21:52.869724+09:00,isolated-local-fixture,backup_negative_cases_verified,OK,summary.md#evidence-and-recovery
fixture-1:age_decrypt_start,2026-10-04T16:21:52.869754Z,2026-10-05T01:21:52.869754+09:00,isolated-local-fixture,age_decrypt_start,OK,summary.md#evidence-and-recovery
fixture-1:age_decrypt_finish,2026-10-04T16:21:52.874262Z,2026-10-05T01:21:52.874262+09:00,isolated-local-fixture,age_decrypt_finish,OK,summary.md#evidence-and-recovery
fixture-1:gunzip_start,2026-10-04T16:21:52.874289Z,2026-10-05T01:21:52.874289+09:00,isolated-local-fixture,gunzip_start,OK,summary.md#evidence-and-recovery
fixture-1:gunzip_finish,2026-10-04T16:21:52.875232Z,2026-10-05T01:21:52.875232+09:00,isolated-local-fixture,gunzip_finish,OK,summary.md#evidence-and-recovery
fixture-1:new_isolated_restore_target_prepare_start,2026-10-04T16:21:52.875249Z,2026-10-05T01:21:52.875249+09:00,isolated-local-fixture,new_isolated_restore_target_prepare_start,OK,summary.md#evidence-and-recovery
fixture-1:new_isolated_restore_target_ready,2026-10-04T16:21:53.843012Z,2026-10-05T01:21:53.843012+09:00,isolated-local-fixture,new_isolated_restore_target_ready,OK,summary.md#evidence-and-recovery
fixture-1:import_start,2026-10-04T16:21:53.843042Z,2026-10-05T01:21:53.843042+09:00,isolated-local-fixture,import_start,OK,summary.md#evidence-and-recovery
fixture-1:import_finish,2026-10-04T16:21:53.942611Z,2026-10-05T01:21:53.942611+09:00,isolated-local-fixture,import_finish,OK,summary.md#evidence-and-recovery
fixture-1:data_verify_start,2026-10-04T16:21:53.942724Z,2026-10-05T01:21:53.942724+09:00,isolated-local-fixture,data_verify_start,OK,summary.md#evidence-and-recovery
fixture-1:data_verify_finish,2026-10-04T16:21:54.731464Z,2026-10-05T01:21:54.731464+09:00,isolated-local-fixture,data_verify_finish,OK,summary.md#evidence-and-recovery
fixture-1:sample_processes_stopped,2026-10-04T16:21:55.270126Z,2026-10-05T01:21:55.270126+09:00,isolated-local-fixture,sample_processes_stopped,OK,summary.md#evidence-and-recovery
fixture-2:isolated_source_prepare_start,2026-10-04T16:21:55.270570Z,2026-10-05T01:21:55.270570+09:00,isolated-local-fixture,isolated_source_prepare_start,OK,summary.md#evidence-and-recovery
fixture-2:fixture_committed_writes_quiesced,2026-10-04T16:21:56.731747Z,2026-10-05T01:21:56.731747+09:00,isolated-local-fixture,fixture_committed_writes_quiesced,OK,summary.md#evidence-and-recovery
fixture-2:data_reference_lower_bound,2026-10-04T16:21:57.449281Z,2026-10-05T01:21:57.449281+09:00,isolated-local-fixture,data_reference_lower_bound,OK,summary.md#evidence-and-recovery
fixture-2:dump_start,2026-10-04T16:21:57.449602Z,2026-10-05T01:21:57.449602+09:00,isolated-local-fixture,dump_start,OK,summary.md#evidence-and-recovery
fixture-2:dump_finish,2026-10-04T16:21:57.511483Z,2026-10-05T01:21:57.511483+09:00,isolated-local-fixture,dump_finish,OK,summary.md#evidence-and-recovery
fixture-2:gzip_start,2026-10-04T16:21:57.534122Z,2026-10-05T01:21:57.534122+09:00,isolated-local-fixture,gzip_start,OK,summary.md#evidence-and-recovery
fixture-2:gzip_finish,2026-10-04T16:21:57.536566Z,2026-10-05T01:21:57.536566+09:00,isolated-local-fixture,gzip_finish,OK,summary.md#evidence-and-recovery
fixture-2:age_encrypt_start,2026-10-04T16:21:57.536602Z,2026-10-05T01:21:57.536602+09:00,isolated-local-fixture,age_encrypt_start,OK,summary.md#evidence-and-recovery
fixture-2:age_encrypt_finish,2026-10-04T16:21:57.543479Z,2026-10-05T01:21:57.543479+09:00,isolated-local-fixture,age_encrypt_finish,OK,summary.md#evidence-and-recovery
fixture-2:local_copy_start,2026-10-04T16:21:57.543632Z,2026-10-05T01:21:57.543632+09:00,isolated-local-fixture,local_copy_start,OK,summary.md#evidence-and-recovery
fixture-2:backup_local_complete,2026-10-04T16:21:57.544052Z,2026-10-05T01:21:57.544052+09:00,isolated-local-fixture,backup_local_complete,OK,summary.md#evidence-and-recovery
fixture-2:backup_negative_cases_verified,2026-10-04T16:21:57.558239Z,2026-10-05T01:21:57.558239+09:00,isolated-local-fixture,backup_negative_cases_verified,OK,summary.md#evidence-and-recovery
fixture-2:age_decrypt_start,2026-10-04T16:21:57.558274Z,2026-10-05T01:21:57.558274+09:00,isolated-local-fixture,age_decrypt_start,OK,summary.md#evidence-and-recovery
fixture-2:age_decrypt_finish,2026-10-04T16:21:57.565687Z,2026-10-05T01:21:57.565687+09:00,isolated-local-fixture,age_decrypt_finish,OK,summary.md#evidence-and-recovery
fixture-2:gunzip_start,2026-10-04T16:21:57.565716Z,2026-10-05T01:21:57.565716+09:00,isolated-local-fixture,gunzip_start,OK,summary.md#evidence-and-recovery
fixture-2:gunzip_finish,2026-10-04T16:21:57.566966Z,2026-10-05T01:21:57.566966+09:00,isolated-local-fixture,gunzip_finish,OK,summary.md#evidence-and-recovery
fixture-2:new_isolated_restore_target_prepare_start,2026-10-04T16:21:57.566986Z,2026-10-05T01:21:57.566986+09:00,isolated-local-fixture,new_isolated_restore_target_prepare_start,OK,summary.md#evidence-and-recovery
fixture-2:new_isolated_restore_target_ready,2026-10-04T16:21:58.727089Z,2026-10-05T01:21:58.727089+09:00,isolated-local-fixture,new_isolated_restore_target_ready,OK,summary.md#evidence-and-recovery
fixture-2:import_start,2026-10-04T16:21:58.727122Z,2026-10-05T01:21:58.727122+09:00,isolated-local-fixture,import_start,OK,summary.md#evidence-and-recovery
fixture-2:import_finish,2026-10-04T16:21:58.806142Z,2026-10-05T01:21:58.806142+09:00,isolated-local-fixture,import_finish,OK,summary.md#evidence-and-recovery
fixture-2:data_verify_start,2026-10-04T16:21:58.806186Z,2026-10-05T01:21:58.806186+09:00,isolated-local-fixture,data_verify_start,OK,summary.md#evidence-and-recovery
fixture-2:data_verify_finish,2026-10-04T16:21:59.308331Z,2026-10-05T01:21:59.308331+09:00,isolated-local-fixture,data_verify_finish,OK,summary.md#evidence-and-recovery
fixture-2:sample_processes_stopped,2026-10-04T16:21:59.891855Z,2026-10-05T01:21:59.891855+09:00,isolated-local-fixture,sample_processes_stopped,OK,summary.md#evidence-and-recovery
fixture-3:isolated_source_prepare_start,2026-10-04T16:21:59.892561Z,2026-10-05T01:21:59.892561+09:00,isolated-local-fixture,isolated_source_prepare_start,OK,summary.md#evidence-and-recovery
fixture-3:fixture_committed_writes_quiesced,2026-10-04T16:22:01.734085Z,2026-10-05T01:22:01.734085+09:00,isolated-local-fixture,fixture_committed_writes_quiesced,OK,summary.md#evidence-and-recovery
fixture-3:data_reference_lower_bound,2026-10-04T16:22:02.795150Z,2026-10-05T01:22:02.795150+09:00,isolated-local-fixture,data_reference_lower_bound,OK,summary.md#evidence-and-recovery
fixture-3:dump_start,2026-10-04T16:22:02.795274Z,2026-10-05T01:22:02.795274+09:00,isolated-local-fixture,dump_start,OK,summary.md#evidence-and-recovery
fixture-3:dump_finish,2026-10-04T16:22:02.845578Z,2026-10-05T01:22:02.845578+09:00,isolated-local-fixture,dump_finish,OK,summary.md#evidence-and-recovery
fixture-3:gzip_start,2026-10-04T16:22:02.874106Z,2026-10-05T01:22:02.874106+09:00,isolated-local-fixture,gzip_start,OK,summary.md#evidence-and-recovery
fixture-3:gzip_finish,2026-10-04T16:22:02.875376Z,2026-10-05T01:22:02.875376+09:00,isolated-local-fixture,gzip_finish,OK,summary.md#evidence-and-recovery
fixture-3:age_encrypt_start,2026-10-04T16:22:02.875436Z,2026-10-05T01:22:02.875436+09:00,isolated-local-fixture,age_encrypt_start,OK,summary.md#evidence-and-recovery
fixture-3:age_encrypt_finish,2026-10-04T16:22:02.881964Z,2026-10-05T01:22:02.881964+09:00,isolated-local-fixture,age_encrypt_finish,OK,summary.md#evidence-and-recovery
fixture-3:local_copy_start,2026-10-04T16:22:02.882012Z,2026-10-05T01:22:02.882012+09:00,isolated-local-fixture,local_copy_start,OK,summary.md#evidence-and-recovery
fixture-3:backup_local_complete,2026-10-04T16:22:02.882238Z,2026-10-05T01:22:02.882238+09:00,isolated-local-fixture,backup_local_complete,OK,summary.md#evidence-and-recovery
fixture-3:backup_negative_cases_verified,2026-10-04T16:22:02.897699Z,2026-10-05T01:22:02.897699+09:00,isolated-local-fixture,backup_negative_cases_verified,OK,summary.md#evidence-and-recovery
fixture-3:age_decrypt_start,2026-10-04T16:22:02.897733Z,2026-10-05T01:22:02.897733+09:00,isolated-local-fixture,age_decrypt_start,OK,summary.md#evidence-and-recovery
fixture-3:age_decrypt_finish,2026-10-04T16:22:02.903321Z,2026-10-05T01:22:02.903321+09:00,isolated-local-fixture,age_decrypt_finish,OK,summary.md#evidence-and-recovery
fixture-3:gunzip_start,2026-10-04T16:22:02.903347Z,2026-10-05T01:22:02.903347+09:00,isolated-local-fixture,gunzip_start,OK,summary.md#evidence-and-recovery
fixture-3:gunzip_finish,2026-10-04T16:22:02.903964Z,2026-10-05T01:22:02.903964+09:00,isolated-local-fixture,gunzip_finish,OK,summary.md#evidence-and-recovery
fixture-3:new_isolated_restore_target_prepare_start,2026-10-04T16:22:02.903978Z,2026-10-05T01:22:02.903978+09:00,isolated-local-fixture,new_isolated_restore_target_prepare_start,OK,summary.md#evidence-and-recovery
fixture-3:new_isolated_restore_target_ready,2026-10-04T16:22:04.014826Z,2026-10-05T01:22:04.014826+09:00,isolated-local-fixture,new_isolated_restore_target_ready,OK,summary.md#evidence-and-recovery
fixture-3:import_start,2026-10-04T16:22:04.014859Z,2026-10-05T01:22:04.014859+09:00,isolated-local-fixture,import_start,OK,summary.md#evidence-and-recovery
fixture-3:import_finish,2026-10-04T16:22:04.136565Z,2026-10-05T01:22:04.136565+09:00,isolated-local-fixture,import_finish,OK,summary.md#evidence-and-recovery
fixture-3:data_verify_start,2026-10-04T16:22:04.136602Z,2026-10-05T01:22:04.136602+09:00,isolated-local-fixture,data_verify_start,OK,summary.md#evidence-and-recovery
fixture-3:data_verify_finish,2026-10-04T16:22:05.053685Z,2026-10-05T01:22:05.053685+09:00,isolated-local-fixture,data_verify_finish,OK,summary.md#evidence-and-recovery
fixture-3:sample_processes_stopped,2026-10-04T16:22:05.583826Z,2026-10-05T01:22:05.583826+09:00,isolated-local-fixture,sample_processes_stopped,OK,summary.md#evidence-and-recovery
fixture-4:isolated_source_prepare_start,2026-10-04T16:22:05.584020Z,2026-10-05T01:22:05.584020+09:00,isolated-local-fixture,isolated_source_prepare_start,OK,summary.md#evidence-and-recovery
fixture-4:fixture_committed_writes_quiesced,2026-10-04T16:22:11.536933Z,2026-10-05T01:22:11.536933+09:00,isolated-local-fixture,fixture_committed_writes_quiesced,OK,summary.md#evidence-and-recovery
fixture-4:data_reference_lower_bound,2026-10-04T16:22:12.083228Z,2026-10-05T01:22:12.083228+09:00,isolated-local-fixture,data_reference_lower_bound,OK,summary.md#evidence-and-recovery
fixture-4:dump_start,2026-10-04T16:22:12.083590Z,2026-10-05T01:22:12.083590+09:00,isolated-local-fixture,dump_start,OK,summary.md#evidence-and-recovery
fixture-4:dump_finish,2026-10-04T16:22:12.137085Z,2026-10-05T01:22:12.137085+09:00,isolated-local-fixture,dump_finish,OK,summary.md#evidence-and-recovery
fixture-4:gzip_start,2026-10-04T16:22:12.151014Z,2026-10-05T01:22:12.151014+09:00,isolated-local-fixture,gzip_start,OK,summary.md#evidence-and-recovery
fixture-4:gzip_finish,2026-10-04T16:22:12.159985Z,2026-10-05T01:22:12.159985+09:00,isolated-local-fixture,gzip_finish,OK,summary.md#evidence-and-recovery
fixture-4:age_encrypt_start,2026-10-04T16:22:12.160020Z,2026-10-05T01:22:12.160020+09:00,isolated-local-fixture,age_encrypt_start,OK,summary.md#evidence-and-recovery
fixture-4:age_encrypt_finish,2026-10-04T16:22:12.166085Z,2026-10-05T01:22:12.166085+09:00,isolated-local-fixture,age_encrypt_finish,OK,summary.md#evidence-and-recovery
fixture-4:local_copy_start,2026-10-04T16:22:12.166135Z,2026-10-05T01:22:12.166135+09:00,isolated-local-fixture,local_copy_start,OK,summary.md#evidence-and-recovery
fixture-4:backup_local_complete,2026-10-04T16:22:12.166623Z,2026-10-05T01:22:12.166623+09:00,isolated-local-fixture,backup_local_complete,OK,summary.md#evidence-and-recovery
fixture-4:backup_negative_cases_verified,2026-10-04T16:22:12.174375Z,2026-10-05T01:22:12.174375+09:00,isolated-local-fixture,backup_negative_cases_verified,OK,summary.md#evidence-and-recovery
fixture-4:age_decrypt_start,2026-10-04T16:22:12.174437Z,2026-10-05T01:22:12.174437+09:00,isolated-local-fixture,age_decrypt_start,OK,summary.md#evidence-and-recovery
fixture-4:age_decrypt_finish,2026-10-04T16:22:12.179436Z,2026-10-05T01:22:12.179436+09:00,isolated-local-fixture,age_decrypt_finish,OK,summary.md#evidence-and-recovery
fixture-4:gunzip_start,2026-10-04T16:22:12.179467Z,2026-10-05T01:22:12.179467+09:00,isolated-local-fixture,gunzip_start,OK,summary.md#evidence-and-recovery
fixture-4:gunzip_finish,2026-10-04T16:22:12.186641Z,2026-10-05T01:22:12.186641+09:00,isolated-local-fixture,gunzip_finish,OK,summary.md#evidence-and-recovery
fixture-4:new_isolated_restore_target_prepare_start,2026-10-04T16:22:12.186663Z,2026-10-05T01:22:12.186663+09:00,isolated-local-fixture,new_isolated_restore_target_prepare_start,OK,summary.md#evidence-and-recovery
fixture-4:new_isolated_restore_target_ready,2026-10-04T16:22:13.120084Z,2026-10-05T01:22:13.120084+09:00,isolated-local-fixture,new_isolated_restore_target_ready,OK,summary.md#evidence-and-recovery
fixture-4:import_start,2026-10-04T16:22:13.120115Z,2026-10-05T01:22:13.120115+09:00,isolated-local-fixture,import_start,OK,summary.md#evidence-and-recovery
fixture-4:import_finish,2026-10-04T16:22:13.414340Z,2026-10-05T01:22:13.414340+09:00,isolated-local-fixture,import_finish,OK,summary.md#evidence-and-recovery
fixture-4:data_verify_start,2026-10-04T16:22:13.414487Z,2026-10-05T01:22:13.414487+09:00,isolated-local-fixture,data_verify_start,OK,summary.md#evidence-and-recovery
fixture-4:data_verify_finish,2026-10-04T16:22:13.998740Z,2026-10-05T01:22:13.998740+09:00,isolated-local-fixture,data_verify_finish,OK,summary.md#evidence-and-recovery
fixture-4:sample_processes_stopped,2026-10-04T16:22:14.580049Z,2026-10-05T01:22:14.580049+09:00,isolated-local-fixture,sample_processes_stopped,OK,summary.md#evidence-and-recovery
run:temporary_cleanup_start,2026-10-04T16:22:14.580138Z,2026-10-05T01:22:14.580138+09:00,isolated-local-fixture,temporary_cleanup_start,OK,summary.md#evidence-and-recovery
run:temporary_cleanup_verified,2026-10-04T16:22:14.608342Z,2026-10-05T01:22:14.608342+09:00,isolated-local-fixture,temporary_cleanup_verified,OK,summary.md#evidence-and-recovery
