check,recorded_result
APP_SOURCE,188199630ceb5fd67d8fe57d4d5650694e2e00e3
D_RUN5,SUCCESS / report received
SOURCE_MIGRATION_BLOBS,7 / identical to 5df2ce28 and 46e21a74
SOURCE_HEAD,20260902_0002
IMAGE_HEADS,20260902_0002 / D report received
BACKEND_INDEX_DIGEST,sha256:ab0e141abbdf43c5589f9b0af7df38f168044541deec1e10ec7295cb394f4290
FRONTEND_INDEX_DIGEST,sha256:d26d5385a02ed557863abcba9b3e3cde1fac3ceaf2671f170cdc081729620ac4
B_HARBOR_SUPPLY_CANDIDATE_ACCEPTANCE,ACCEPTED / comment6060263976
SOURCE_TRACE,Checkout full SHA -> Run/metadata -> tags/digests accepted; nginx label excluded
B_DIRECT_JENKINS_HARBOR_OR_METADATA_PARSE,NOT RUN
ACTUAL_DB_REVISION,NOT VERIFIED
HELD_MIGRATION,NOT RUN
INTERNAL_MAPPING_AND_FULL_AMD64_CHILD_DIGESTS,PENDING
OCP_PUSH_PROMOTION_REPLACEMENT_RUNTIME,NOT ACCEPTED / gates pending
SUPPLY_ORDER,registry gates -> push -> actual mapping -> Promotion/Pull -> worker gates -> FE/BE replacement
