case,check,received_verdict
v1,EC2_DIAGNOSTIC_SCOPE_GUARDS,PASS
v1,BASE_CALLER_MFA_RESULT,PREVIOUS_RECEIPT_REUSED / NO_REPEAT
v1,READ_ONLY_API,EC2 DescribeInstances / SAME_FIRST_REQUEST_ONLY
v1,CPU_QUOTA_PREVIOUS_RECEIPT,100 VCPU / NO_REPEAT
v1,MAX_AWS_CLI_INVOCATIONS,1 / SDK_MAX_ATTEMPTS: 1 / CONCURRENCY: 1 / PROCESS_TIMEOUT_SECONDS: 25
v1,DIAGNOSTIC_START_CONTROLLER_UTC,2026-10-08T13:01:58.931264+00:00
v1,DESCRIBE_INSTANCES_DIAGNOSTIC,BLOCKED / AWS_SERVICE_ERROR / CODE_NOT_IN_ALLOWLIST
v1,AWS_CLI_INVOCATIONS_ATTEMPTED,1
v1,ACTUAL_SERVICE_REQUEST_COUNT_AND_ERROR_ORIGIN,NOT VERIFIED / LOCAL_CLASSIFICATION_ONLY
v1,QUOTA_USAGE_FREE_CAPACITY_AND_ROSA_PLAN_READINESS,NOT VERIFIED
v1,NOT RUN,"additional pages/APIs, STS/MFA/token repeat, role/session, quota change, IAM/ROSA, credential value output/file edits, State/Plan access, raw error/response/ID/ARN/account save or output, CLI history"
v2,EC2_DIAGNOSTIC_SCOPE_GUARDS,PASS
v2,BASE_CALLER_MFA_RESULT,PREVIOUS_RECEIPT_REUSED / NO_REPEAT
v2,READ_ONLY_API,EC2 DescribeInstances / SAME_FIRST_REQUEST_ONLY / ERROR_VOCABULARY_V2
v2,CPU_QUOTA_PREVIOUS_RECEIPT,100 VCPU / NO_REPEAT
v2,MAX_AWS_CLI_INVOCATIONS,1 / SDK_MAX_ATTEMPTS: 1 / CONCURRENCY: 1 / PROCESS_TIMEOUT_SECONDS: 25
v2,DIAGNOSTIC_START_CONTROLLER_UTC,2026-10-08T13:18:50.703071+00:00
v2,DESCRIBE_INSTANCES_DIAGNOSTIC,BLOCKED / AWS_SERVICE_ERROR / UNREGISTERED_OR_UNSAFE_CODE_REDACTED
v2,AWS_CLI_INVOCATIONS_ATTEMPTED,1
v2,ACTUAL_SERVICE_REQUEST_COUNT_AND_ERROR_ORIGIN,NOT VERIFIED / LOCAL_CLASSIFICATION_ONLY
v2,QUOTA_USAGE_FREE_CAPACITY_AND_ROSA_PLAN_READINESS,NOT VERIFIED
v2,NEXT_API_RETRY_IF_CODE_REDACTED,STOP / LOCAL_OWNER_INSPECTION_REQUIRED
v2,NOT RUN,"additional pages/APIs, STS/MFA/token repeat, role/session, quota change, IAM/ROSA, credential value output/file edits, State/Plan access, raw error/response/ID/ARN/account save or output, CLI history"
